City_ID,City,Lat,Lng,Max Temp,Humidity,Cloudiness,Wind Speed,Country,Date
0,talnakh,69.4865,88.3972,11.88,93,44,10.69,RU,1728599230
1,edinburgh of the seven seas,-37.0676,-12.3116,55.15,76,38,28.72,SH,1728599231
2,grytviken,-54.2811,-36.5092,30.09,95,100,5.21,GS,1728599232
3,prainha,-1.8,-53.48,87.55,43,56,4.34,BR,1728599233
4,hermanus,-34.4187,19.2345,58.39,78,99,5.53,ZA,1728599234
5,jianshui,23.6363,102.8264,62.08,98,71,2.21,CN,1728599235
6,kapuskasing,49.4169,-82.4331,57.2,58,75,5.75,CA,1728599237
7,port-aux-francais,-49.35,70.2167,35.02,94,83,39.26,TF,1728599238
8,garupa,-27.4817,-55.8292,68.14,94,100,5.75,AR,1728599239
9,dudinka,69.4058,86.1778,16.02,90,57,12.73,RU,1728599240
10,pathein,16.7833,94.7333,76.15,89,16,3.98,MM,1728599241
11,bredasdorp,-34.5322,20.0403,54.61,82,100,4.7,ZA,1728599195
12,kavieng,-2.5744,150.7967,83.21,77,87,10.25,PG,1728599243
13,alotau,-10.3069,150.4462,78.22,93,99,4.85,PG,1728599245
14,ararat,39.8317,44.7049,70.72,26,100,5.84,AM,1728599246
15,adamstown,-25.066,-130.1015,70.03,86,100,17.27,PN,1728599247
16,bethel,41.3712,-73.414,55.9,62,5,6.87,US,1728599005
17,bilibino,68.0546,166.4372,4.64,97,65,2.37,RU,1728599249
18,georgetown,5.4112,100.3354,78.73,93,20,3.44,MY,1728599250
19,saryozek,44.3583,77.9753,58.12,40,100,2.55,KZ,1728599252
20,narail,23.1667,89.5,76.78,94,0,5.32,BD,1728599253
21,albany,42.6001,-73.9662,50.41,65,12,4.0,US,1728599254
22,ancud,-41.8697,-73.8203,47.43,87,100,5.95,CL,1728599255
23,mangrol,21.1167,70.1167,74.08,84,100,18.77,IN,1728599256
24,punta arenas,-53.15,-70.9167,44.71,65,75,16.11,CL,1728599257
25,peace river,56.2501,-117.286,55.71,32,0,14.97,CA,1728599259
26,cockburn town,21.4612,-71.1419,86.13,72,81,6.06,TC,1728599134
27,longyearbyen,78.2186,15.6401,39.04,75,75,19.57,SJ,1728599261
28,ushuaia,-54.8,-68.3,40.66,81,100,16.11,AR,1728599000
29,timimoun,29.2639,0.231,77.38,12,0,0.0,DZ,1728599263
30,ust-nera,64.5667,143.2,16.61,83,85,4.27,RU,1728599264
31,whitehorse,60.7161,-135.0538,41.77,65,75,12.66,CA,1728599267
32,kayangel,8.0823,134.7173,83.68,75,68,7.18,PW,1728599268
33,nalut,30.3333,10.85,87.42,20,24,5.23,LY,1728599269
34,blackmans bay,-43.0167,147.3167,55.53,57,85,11.01,AU,1728599270
35,karratha,-20.7377,116.8463,78.28,51,4,16.44,AU,1728599272
36,metlili chaamba,32.2667,3.6333,79.74,28,0,5.75,DZ,1728599273
37,hadibu,12.65,54.0333,77.9,84,32,3.0,YE,1728599274
38,port lincoln,-34.7333,135.8667,55.29,66,100,10.65,AU,1728599276
39,afaahiti,-17.75,-149.2833,70.56,95,100,13.42,PF,1728599280
40,ribeira grande,38.5167,-28.7,66.78,87,80,17.0,PT,1728599281
41,bamboo flat,11.7,92.7167,78.89,94,20,2.3,IN,1728599282
42,college,64.8569,-147.8028,35.55,85,100,4.61,US,1728599283
43,tsiombe,-25.3,45.4833,71.46,74,4,8.08,MG,1728599285
44,eureka,40.8021,-124.1637,66.25,64,35,4.0,US,1728599286
45,hamilton,39.1834,-84.5333,69.84,41,0,3.44,US,1728599287
46,tura,25.5198,90.2201,70.65,96,27,3.44,IN,1728599288
47,luderitz,-26.6481,15.1594,59.36,71,0,10.09,NA,1728599289
48,waitangi,-43.9535,-176.5597,51.82,70,78,3.0,NZ,1728599290
49,bardai,11.65,7.2333,75.83,65,48,5.26,NG,1728599292
50,stanley,54.868,-1.6985,35.62,87,0,4.61,GB,1728599293
51,morant bay,17.8815,-76.4093,84.65,76,100,3.76,JM,1728599294
52,lata,40.1629,-8.3327,55.85,75,52,3.33,PT,1728599295
53,kalabo,-14.97,22.6814,68.77,21,3,9.37,ZM,1728599296
54,iqaluit,63.7506,-68.5145,33.53,74,75,0.0,CA,1728599297
55,yerofey pavlovich,53.9667,121.9667,28.2,94,100,3.24,RU,1728599299
56,atafu village,-8.5421,-172.5159,82.45,76,32,9.89,TK,1728599300
57,puerto natales,-51.7236,-72.4875,45.05,61,75,19.57,CL,1728599301
58,olonkinbyen,70.9221,-8.7187,26.82,91,100,45.99,SJ,1728599302
59,el soberbio,-27.2985,-54.1988,69.93,98,100,3.53,AR,1728599303
60,kasempa,-13.4584,25.8338,62.83,28,0,5.84,ZM,1728599304
61,ozurgeti,41.9231,42.0059,66.42,82,99,4.9,GE,1728599305
62,kapa'a,22.0752,-159.319,84.52,75,75,14.97,US,1728599307
63,fenoarivo atsinanana,-17.3667,49.4167,70.57,85,87,6.8,MG,1728599308
64,queenstown,-31.8976,26.8753,69.4,19,54,6.96,ZA,1728599309
65,diapaga,12.0708,1.7889,80.91,73,100,5.23,BF,1728599310
66,ouadda,8.0777,22.4007,68.47,94,100,1.86,CF,1728599311
67,gadzhiyevo,69.2551,33.3362,37.98,87,100,16.37,RU,1728599312
68,papatowai,-46.5619,169.4708,57.85,45,38,13.11,NZ,1728599314
69,yellowknife,62.456,-114.3525,44.42,97,75,10.36,CA,1728599315
70,saldanha,-33.0117,17.9442,50.05,81,79,3.56,ZA,1728599317
71,margaret river,-33.95,115.0667,57.65,65,34,10.27,AU,1728599318
72,banff,51.1762,-115.5698,46.78,61,25,3.44,CA,1728599319
73,boende,-0.2167,20.8667,69.91,93,36,0.49,CD,1728599320
74,aasiaat,68.7098,-52.8699,22.68,68,42,12.06,GL,1728599323
75,tianpeng,30.9866,103.9393,61.43,89,100,6.73,CN,1728599324
76,thames,-37.1333,175.5333,51.71,90,98,4.61,NZ,1728599246
77,songyang,34.4553,113.0281,59.45,64,4,1.45,CN,1728599326
78,tiksi,71.6872,128.8694,22.17,90,100,3.89,RU,1728599327
79,anadyr,64.75,177.4833,30.7,74,20,11.18,RU,1728599329
80,puerto deseado,-47.7503,-65.8938,55.62,33,93,16.89,AR,1728599330
81,kidal,18.4411,1.4078,93.18,13,89,6.33,ML,1728599173
82,kingston,17.997,-76.7936,88.75,70,20,6.91,JM,1728599332
83,palikir - national government center,6.9248,158.1611,86.74,74,100,9.22,FM,1728599333
84,udachny,66.4167,112.4,10.87,97,99,3.24,RU,1728599334
85,codrington,-38.2667,141.9667,53.78,69,99,12.93,AU,1728599336
86,zhanaozen,43.3,52.8,53.29,76,92,8.48,KZ,1728599337
87,susanville,40.4163,-120.653,79.83,20,100,1.01,US,1728599338
88,francisco beltrao,-26.0811,-53.055,66.76,98,100,5.75,BR,1728599211
89,novosemeykino,53.3833,50.3667,34.75,87,75,13.42,RU,1728599340
90,blagoveshchenka,52.8333,79.8667,41.88,51,100,19.24,RU,1728599341
91,alofi,-19.0595,-169.9187,78.69,78,100,12.66,NU,1728599343
92,black point,-34.6187,137.8972,55.49,66,82,14.34,AU,1728599344
93,kailua-kona,19.6406,-155.9956,84.6,74,0,9.22,US,1728599008
94,kittila,67.6647,24.8936,37.54,93,100,11.5,FI,1728599346
95,qaqortoq,60.7167,-46.0333,35.28,90,32,8.77,GL,1728599347
96,port mathurin,-19.6833,63.4167,72.46,83,98,21.63,MU,1728599348
97,nuku'alofa,-21.1333,-175.2,79.14,89,40,14.97,TO,1728599349
98,manokwari,-0.8667,134.0833,80.87,77,68,4.36,ID,1728599351
99,bishkek,42.87,74.59,55.6,39,90,4.61,KG,1728599234
100,saint-pierre,-21.3393,55.4781,71.28,88,75,20.71,RE,1728599299
101,san clemente del tuyu,-36.3569,-56.7235,59.38,92,100,11.88,AR,1728599354
102,presidente bernardes,-22.0061,-51.5531,70.18,85,99,11.68,BR,1728599355
103,kunming,25.0389,102.7183,58.93,88,100,8.95,CN,1728599260
104,kurchatov,51.6601,35.6521,50.38,78,81,7.74,RU,1728599358
105,estherville,43.4016,-94.8328,82.47,26,0,13.8,US,1728599359
106,paradip garh,20.3167,86.6167,78.66,83,47,6.22,IN,1728599361
107,brookings,44.3114,-96.7984,82.4,41,0,10.36,US,1728599362
108,santa ana de yacuma,-13.75,-65.4333,91.35,46,75,9.22,BO,1728599363
109,ternate,0.8,127.4,80.74,80,91,1.81,ID,1728599365
110,fort st. john,56.2499,-120.8529,51.69,37,75,17.27,CA,1728599277
111,port elizabeth,-33.918,25.5701,61.09,93,0,17.27,ZA,1728599367
112,okhotsk,59.3833,143.3,39.36,89,100,14.34,RU,1728599368
113,tynda,55.1667,124.7167,33.24,99,100,0.83,RU,1728599369
114,plettenberg bay,-34.0527,23.3716,57.51,82,100,6.93,ZA,1728599370
115,nova sintra,14.8667,-24.7167,79.61,80,15,27.89,CV,1728599371
116,borovichi,58.3878,33.9155,47.79,87,100,12.84,RU,1728599373
117,mazagao,-0.115,-51.2894,82.74,63,46,5.17,BR,1728599374
118,amarillo,35.222,-101.8313,92.03,18,0,4.61,US,1728599268
119,nouadhibou,20.931,-17.0347,78.78,61,20,6.91,MR,1728599376
120,noyabrsk,63.1994,75.4507,22.73,96,74,11.65,RU,1728599377
121,cabedelo,-6.9811,-34.8339,79.47,78,38,11.63,BR,1728599378
122,sola,-13.8833,167.55,79.29,78,100,16.6,VU,1728599380
123,nueva gerona,21.8833,-82.8,84.4,69,81,7.94,CU,1728599381
124,al kharijah,25.4514,30.5464,78.57,36,0,7.27,EG,1728599382
125,keflavik,64.0049,-22.5624,34.23,80,20,21.85,IS,1728599383
126,lazaro cardenas,17.9583,-102.2,82.89,77,66,5.93,MX,1728599384
127,kodiak,57.79,-152.4072,44.11,65,75,5.75,US,1728599101
128,puerto ayora,-0.7393,-90.3518,69.55,89,84,8.01,EC,1728599386
129,zwiesel,49.0167,13.2333,50.11,97,99,3.78,DE,1728599388
130,klyuchi,52.2667,79.1667,45.03,48,100,18.14,RU,1728599389
131,long beach,33.767,-118.1892,79.07,68,0,12.66,US,1728598972
132,crane,31.3974,-102.3501,92.3,10,0,17.31,US,1728599391
133,zhangatas,43.5667,69.75,62.49,56,67,27.2,KZ,1728599392
134,luganville,-15.5333,167.1667,80.62,74,91,7.78,VU,1728599393
135,saint-georges,12.0564,-61.7485,85.68,74,20,12.66,GD,1728599395
136,kuala terengganu,5.3302,103.1408,78.75,94,20,3.44,MY,1728599396
137,port alfred,-33.5906,26.891,59.18,90,100,1.01,ZA,1728599397
138,spring creek,40.7266,-115.5859,80.29,15,92,5.01,US,1728599398
139,wailua homesteads,22.0669,-159.378,83.19,75,75,14.97,US,1728599399
140,zapolyarnyy,69.4154,30.8136,35.42,98,100,6.31,RU,1728599400
141,acarau,-2.8856,-40.12,78.76,78,41,16.8,BR,1728599402
142,moab,38.5733,-109.5498,87.85,14,7,2.46,US,1728599403
143,labytnangi,66.6572,66.4183,18.05,87,10,3.8,RU,1728599404
144,maintirano,-18.0667,44.0167,77.59,74,42,7.65,MG,1728599406
145,alenquer,-1.9417,-54.7383,85.08,47,53,1.25,BR,1728599407
146,coahuayana de hidalgo,18.7,-103.6583,83.75,79,79,3.89,MX,1728599408
147,crete,35.1558,24.895,57.51,86,75,2.71,GR,1728599409
148,juneau,58.3019,-134.4197,44.6,81,100,21.85,US,1728599412
149,vorgashor,67.5833,63.95,13.84,98,52,1.92,RU,1728599415
150,vila franca do campo,37.7167,-25.4333,68.41,99,86,16.55,PT,1728599416
151,yelizovo,53.1873,158.3805,33.94,55,0,6.71,RU,1728599418
152,hawaiian paradise park,19.5933,-154.9731,81.91,77,75,9.22,US,1728599419
153,baker city,44.7749,-117.8344,65.91,39,0,3.44,US,1728599418
154,santa vitoria do palmar,-33.5189,-53.3681,61.34,91,100,11.68,BR,1728599421
155,douglas,41.3,-96.167,86.52,37,0,14.97,US,1728599422
156,remire-montjoly,4.9167,-52.2667,82.44,83,0,3.44,GF,1728599423
157,fonte boa,-2.4959,-66.2662,79.72,70,72,1.88,BR,1728599426
158,badger,64.8,-147.5333,35.47,85,100,4.61,US,1728599427
159,korenevo,55.6719,38.0078,46.85,100,100,8.95,RU,1728599428
160,hammerfest,70.6634,23.6821,41.45,75,75,4.61,NO,1728599429
161,isafjordur,66.0755,-23.124,28.44,67,98,13.42,IS,1728599430
162,richmond,37.5538,-77.4603,61.99,59,0,7.96,US,1728599159
163,rio gallegos,-51.6226,-69.2181,51.85,37,75,23.02,AR,1728599332
164,utrik,11.2278,169.8474,82.44,78,82,9.22,MH,1728599434
165,saurimo,-9.6608,20.3916,69.13,63,97,4.12,AO,1728599435
166,thompson,55.7435,-97.8558,51.96,62,75,6.91,CA,1728599185
167,saudarkrokur,65.7461,-19.6394,29.71,83,78,13.35,IS,1728599437
168,praia da vitoria,38.7333,-27.0667,68.25,77,40,26.08,PT,1728599439
169,geraldton,-28.7667,114.6,68.41,68,0,18.41,AU,1728599440
170,bayganin,48.6947,55.8742,46.11,65,75,9.82,KZ,1728599441
171,avarua,-21.2078,-159.775,78.85,65,40,18.41,CK,1728599442
172,kismayo,-0.3582,42.5454,76.91,87,50,16.37,SO,1728599443
173,nguigmi,14.2495,13.1092,86.52,37,5,2.28,NE,1728599444
174,athens,37.9795,23.7162,76.17,77,96,5.01,GR,1728599445
175,igarka,67.4667,86.5833,18.75,92,99,15.97,RU,1728599447
176,malango,-2.9627,119.9001,69.96,95,94,1.03,ID,1728599448
177,shalqar,47.8333,59.6,53.94,60,84,17.67,KZ,1728599449
178,ilulissat,69.2167,-51.1,30.22,40,64,13.8,GL,1728599450
179,fortuna,40.5982,-124.1573,67.93,69,0,12.66,US,1728599451
180,haiku-pauwela,20.9219,-156.3051,83.21,77,86,30.0,US,1728599452
181,nadym,65.5333,72.5167,26.58,86,78,11.59,RU,1728599454
182,ust'-ilimsk,58.0006,102.6619,25.43,93,100,7.94,RU,1728599455
183,hsinchu,24.8036,120.9686,71.89,74,2,4.0,TW,1728599283
184,karaton,-6.3424,106.1045,73.87,94,43,0.67,ID,1728599457
185,mersing,2.4312,103.8405,75.11,94,20,6.91,MY,1728599458
186,veraval,20.9,70.3667,74.03,85,100,15.86,IN,1728599459
187,gobabis,-22.45,18.9667,70.79,19,0,13.89,NA,1728599461
188,sinop,41.7711,34.8709,59.85,74,34,7.67,TR,1728599462
189,novodvinsk,64.4165,40.8122,33.55,89,100,14.76,RU,1728599463
190,yokadouma,3.5167,15.05,67.37,96,20,1.66,CM,1728599464
191,valdivia,-39.8142,-73.2459,53.69,99,100,2.37,CL,1728599245
192,betio village,1.358,172.9211,84.24,72,84,10.45,KI,1728599466
193,mount isa,-20.7333,139.5,82.17,12,0,13.8,AU,1728599468
194,okha,53.5739,142.9478,45.99,74,100,17.76,RU,1728599469
195,tindouf,27.6711,-8.1474,77.45,50,2,16.11,DZ,1728599470
196,hithadhoo,-0.6,73.0833,82.22,74,100,14.34,MV,1728599471
197,invercargill,-46.4,168.35,47.97,92,63,8.46,NZ,1728599472
198,nabire,-3.3667,135.4833,77.92,90,100,3.56,ID,1728599473
199,uturoa,-16.7333,-151.4333,75.18,85,100,20.87,PF,1728599474
200,kampong cham,11.9934,105.4635,73.56,91,16,5.35,KH,1728599476
201,homer,59.6425,-151.5483,45.77,67,20,4.61,US,1728598791
202,st ives,50.2086,-5.4875,50.0,70,74,11.03,GB,1728599478
203,bryne,58.7354,5.6477,46.06,83,75,20.71,NO,1728599479
204,estella-lizarra,42.6718,-2.0323,49.66,89,44,3.98,ES,1728599480
205,sorong,-0.8833,131.25,79.07,88,100,2.73,ID,1728599482
206,nagqu,31.5,92.0,28.54,94,65,2.62,CN,1728599483
207,rio grande,-32.035,-52.0986,63.0,93,100,21.65,BR,1728599484
208,creel,27.75,-107.6333,66.58,35,90,9.71,MX,1728599470
209,turuntayevo,52.2,107.6167,26.04,90,65,0.87,RU,1728599488
210,key west,24.5557,-81.7826,87.01,68,20,10.36,US,1728599219
211,jinzhou,41.1078,121.1417,51.57,48,0,4.65,CN,1728599491
212,petropavlovsk-kamchatsky,53.0452,158.6483,32.59,55,0,6.71,RU,1728599492
213,happy valley-goose bay,53.3168,-60.3315,46.71,100,100,4.61,CA,1728599494
214,hajin,34.6927,40.827,80.46,15,39,11.36,SY,1728599496
215,amga,60.8953,131.9608,35.22,91,100,3.22,RU,1728599497
216,nadi,-17.8,177.4167,84.2,70,75,5.75,FJ,1728599498
217,lospalos,-8.5186,127.0025,77.77,75,50,7.38,TL,1728599499
218,nuuk,64.1835,-51.7216,29.01,100,100,1.14,GL,1728599501
219,sretensk,52.2453,117.7093,27.9,76,2,4.0,RU,1728599502
220,bukittinggi,-0.3091,100.3706,67.21,99,100,2.28,ID,1728599227
221,rechka-vydrino,51.485,104.8461,31.59,69,31,7.99,RU,1728599504
222,mermoz boabab,14.7065,-17.4758,80.38,89,75,13.8,SN,1728599505
223,lebu,-37.6167,-73.65,53.56,97,53,8.16,CL,1728599506
224,port blair,11.6667,92.75,78.84,94,20,2.3,IN,1728599508
225,ocean shores,46.9737,-124.1563,65.44,67,0,9.22,US,1728599414
226,urangan,-25.3,152.9,70.16,68,53,16.46,AU,1728599510
227,novyy urengoy,66.0833,76.6333,26.42,89,98,14.85,RU,1728599511
228,viljandi,58.3639,25.59,60.91,74,84,13.58,EE,1728599512
229,new norfolk,-42.7826,147.0587,55.92,54,57,12.33,AU,1728599513
230,broken hill,-31.95,141.4333,58.86,41,57,20.45,AU,1728599514
231,prince rupert,54.3161,-130.3201,51.89,78,20,24.16,CA,1728599516
232,santa marta de ortigueira,43.6833,-7.85,53.26,100,43,4.5,ES,1728599517
233,bereznik,62.8551,42.7072,32.88,96,100,12.62,RU,1728599518
234,west island,-12.1568,96.8225,78.78,83,20,12.66,CC,1728599519
235,amos,48.5669,-78.1162,43.72,91,100,4.16,CA,1728599520
236,le blanc,46.6667,1.1667,49.12,97,25,5.06,FR,1728599521
237,siluko,6.5386,5.1609,74.16,98,40,2.46,NG,1728599523
238,francisco i. madero,29.7059,-107.8043,76.23,19,51,5.14,MX,1728599524
239,zhigalovo,54.8097,105.1578,27.52,91,89,3.53,RU,1728599525
240,boguchany,58.3814,97.4531,22.26,83,63,5.77,RU,1728599526
241,tazacorte,28.629,-17.9293,74.37,94,0,3.44,ES,1728599527
242,muang phonsavan,19.45,103.2167,58.57,99,54,2.68,LA,1728599528
243,taro,-8.3862,115.28,71.62,85,91,0.65,ID,1728599529
244,touros,-5.1989,-35.4608,78.6,69,40,15.26,BR,1728599531
245,ta`u,-14.2336,-169.5144,80.56,78,99,19.37,AS,1728599532
246,timbuktu,16.7735,-3.0074,97.11,17,93,9.4,ML,1728599533
247,kijang,35.2442,129.2139,53.33,72,0,4.79,KR,1728599534
248,concepcion,-36.827,-73.0498,55.2,82,75,8.05,CL,1728599412
249,save,8.0425,2.486,74.41,95,16,4.56,BJ,1728599536
250,kilindoni,-7.9139,39.6668,76.42,80,0,8.97,TZ,1728599538
251,ust'-kulom,61.6864,53.6902,25.47,70,62,6.87,RU,1728599539
252,serdar,38.9764,56.2757,63.36,61,19,5.48,TM,1728599540
253,xiazhuang,34.9161,118.6389,60.73,60,47,2.59,CN,1728599541
254,taitung city,22.7583,121.1444,73.67,83,75,6.91,TW,1728599542
255,palmer,42.1584,-72.3287,53.22,55,34,11.32,US,1728599544
256,villa gesell,-37.2639,-56.973,56.84,91,35,11.59,AR,1728599545
257,novaya igirma,57.1334,103.9112,25.23,91,98,7.56,RU,1728599546
258,izhmorskiy,56.194,86.6414,24.73,69,94,6.62,RU,1728599547
259,semnan,35.5729,53.3971,67.59,26,0,3.38,IR,1728599548
260,neufchatel-en-bray,49.7332,1.4396,46.4,89,100,3.06,FR,1728599549
261,leiyang,26.4024,112.8591,64.87,76,13,2.06,CN,1728599551
262,tazovsky,67.4667,78.7,25.9,89,78,16.06,RU,1728599552
263,noormarkku,61.5927,21.8685,56.98,100,100,19.57,FI,1728599553
264,omuo-ekiti,7.7583,5.7223,71.42,92,6,2.37,NG,1728599554
265,howrah,22.5892,88.3103,82.4,89,40,4.61,IN,1728599555
266,zungeru,9.8128,6.1558,75.09,93,22,2.42,NG,1728599556
267,nato,13.6105,123.5356,79.92,93,69,0.16,PH,1728599557
268,natal,-5.795,-35.2094,79.45,73,75,12.66,BR,1728599362
269,boda,4.3189,17.4695,69.24,94,13,2.89,CF,1728599560
270,enewetak,11.3474,162.3373,83.77,75,99,9.46,MH,1728599561
271,olyokminsk,60.3736,120.4264,27.41,90,86,6.22,RU,1728599562
272,embi,48.8264,58.1442,44.96,68,64,13.38,KZ,1728599563
273,mogok,22.9167,96.5,60.42,100,42,3.31,MM,1728599564
274,xichang,27.8964,102.2634,56.5,96,100,2.3,CN,1728599566
275,tan-tan,28.438,-11.1032,69.21,89,0,5.03,MA,1728599568
276,namibe,-15.1961,12.1522,67.12,81,11,3.09,AO,1728599569
277,tocache,-8.1842,-76.5125,72.66,95,91,1.14,PE,1728599570
278,porto real,-22.4197,-44.2903,69.75,92,100,5.14,BR,1728599573
279,mahalapye,-23.1041,26.8142,72.46,33,17,10.09,BW,1728599574
280,san patricio,28.017,-97.5169,89.55,38,0,10.78,US,1728599464
281,molteno,-31.3968,26.3625,65.62,21,69,6.53,ZA,1728599576
282,chanika,-5.4167,38.0167,66.79,89,58,5.03,TZ,1728599577
283,ponta delgada,37.7333,-25.6667,68.72,77,40,8.05,PT,1728599580
284,mejit,10.2753,170.8646,83.14,75,79,12.12,MH,1728599581
285,flitwick,52.0034,-0.4947,39.69,89,22,2.95,GB,1728599582
286,nikolayevsk-on-amure,53.1406,140.73,46.8,78,100,6.62,RU,1728599583
287,santa rosalia,27.3167,-112.2833,86.85,57,0,7.58,MX,1728599585
288,sitka,57.0531,-135.33,46.29,76,100,9.22,US,1728599416
289,bukoba,-1.3317,31.8122,66.27,84,10,6.51,TZ,1728599587
290,hengchun,22.0042,120.7439,76.75,79,85,16.15,TW,1728599588
291,kirkwood,38.5834,-90.4068,80.71,42,0,3.44,US,1728599589
292,galliano,29.4422,-90.2992,82.4,39,0,4.61,US,1728599372
293,la libertad,-2.2333,-80.9,73.06,83,75,12.66,EC,1728599591
294,tiflet,33.8947,-6.3065,65.84,75,14,2.95,MA,1728599593
295,trashi yangtse,27.6116,91.498,56.08,91,82,4.25,BT,1728599594
296,saipan,15.1355,145.701,81.3,89,100,5.75,MP,1728599595
297,chonchi,-42.6128,-73.8092,44.2,86,85,2.28,CL,1728599596
298,lihue,21.9789,-159.3672,83.79,65,75,14.97,US,1728599597
299,flying fish cove,-10.4217,105.6791,78.48,88,75,11.5,CX,1728599598
300,weno,7.4515,151.8468,85.95,79,100,5.75,FM,1728599600
301,egersund,58.4513,5.9997,47.8,67,77,26.26,NO,1728599601
302,saint-philippe,-21.3585,55.7679,70.2,84,49,14.74,RE,1728599602
303,mongo,12.1844,18.693,79.72,64,24,4.52,TD,1728599603
304,ishigaki,24.3448,124.1572,75.33,78,75,8.05,JP,1728599604
305,al bawiti,28.3492,28.8659,74.55,50,0,5.1,EG,1728599605
306,sao jose da coroa grande,-8.8978,-35.1478,75.65,79,36,9.82,BR,1728599606
307,sinabang,2.4803,96.3801,75.47,96,100,4.36,ID,1728599609
308,groningen,53.25,6.75,46.04,84,100,6.96,NL,1728599563
309,newport,51.5877,-2.9984,46.51,83,48,6.73,GB,1728599583
310,goundam,16.4145,-3.6708,97.56,19,98,3.0,ML,1728599612
311,gurupa,-1.405,-51.64,84.79,52,75,5.57,BR,1728599615
312,alto araguaia,-17.3147,-53.2153,83.73,43,72,9.48,BR,1728599616
313,susuman,62.7833,148.1667,10.13,87,59,2.44,RU,1728599607
314,rapid valley,44.0625,-103.1463,79.0,20,20,20.71,US,1728599619
315,inderbor,48.55,51.7833,49.15,59,4,12.82,KZ,1728599620
316,bozeman,45.6796,-111.0386,62.2,49,75,3.44,US,1728599419
317,nur-sultan,51.1801,71.446,42.75,81,0,8.95,KZ,1728599524
318,tual,-5.6667,132.75,81.64,83,97,17.38,ID,1728599623
319,sao gabriel da cachoeira,-0.1303,-67.0892,87.6,74,20,2.3,BR,1728599624
320,medicine hat,50.0501,-110.6683,60.22,45,75,4.61,CA,1728599401
321,sambava,-14.2667,50.1667,70.95,79,33,13.91,MG,1728599627
322,reyes,-14.3167,-67.3833,91.56,49,61,11.5,BO,1728599628
323,iskateley,67.6803,53.1512,27.03,69,100,15.08,RU,1728599629
324,kerikeri,-35.2268,173.9474,61.12,48,90,5.84,NZ,1728599521
325,shahrinav,38.5709,68.335,62.73,47,10,7.27,TJ,1728599631
326,helensburgh,56.0061,-4.7265,41.94,87,62,4.14,GB,1728599632
327,holualoa,19.6228,-155.9522,80.44,80,0,9.22,US,1728599635
328,san luis de la loma,17.2706,-100.8939,79.63,86,89,2.98,MX,1728599636
329,hilo,19.7297,-155.09,82.13,76,75,9.22,US,1728599637
330,lengshuitan,26.4111,111.5956,66.56,63,71,1.07,CN,1728599638
331,macau,22.2006,113.5461,77.72,88,40,6.91,MO,1728599639
332,tortoli,39.9256,9.6572,68.14,56,20,25.32,IT,1728599641
333,pingliang,35.5392,106.6861,50.22,72,100,1.61,CN,1728599642
334,markaz-e hukumat-e darweshan,31.1323,64.1934,65.48,23,0,1.39,AF,1728599611
335,eskisehir,39.7767,30.5206,57.11,72,75,2.3,TR,1728599644
336,askoy,60.4092,5.226,41.29,81,40,4.61,NO,1728599645
337,hanzhong,33.0728,107.0303,60.06,70,100,2.73,CN,1728599646
338,staroaleyskoye,51.0061,82.0,50.41,66,24,5.48,RU,1728599648
339,dologon,7.8408,125.0444,75.27,91,69,0.4,PH,1728599649
340,traverse city,44.7631,-85.6206,59.02,59,12,4.05,US,1728599636
341,zhaoyuan,37.3592,120.3964,52.75,70,0,2.08,CN,1728599651
342,luorong,24.4058,109.6086,68.13,60,50,2.48,CN,1728599652
343,somerset east,-32.7217,25.588,62.55,72,96,2.44,ZA,1728599653
344,carnarvon,-24.8667,113.6333,73.54,60,0,4.9,AU,1728599655
345,solnechnyy,50.7214,136.6319,41.97,81,100,7.63,RU,1728599656
346,selfoss,63.9331,-20.9971,34.05,72,1,11.03,IS,1728599657
347,nogliki,51.8333,143.1667,44.91,73,100,10.49,RU,1728599658
348,lae,-6.7221,146.9847,80.35,69,72,2.95,PG,1728599659
349,kuloy,61.0305,42.4925,36.3,75,100,12.1,RU,1728599662
350,kavaratti,10.5669,72.642,78.69,89,100,17.2,IN,1728599663
351,cabo san lucas,22.8909,-109.9124,88.11,66,20,8.05,MX,1728599664
352,mikhaylovskoye,51.8239,79.7172,45.09,54,99,13.85,RU,1728599665
353,yantongshan,43.2919,126.0094,43.02,80,1,6.08,CN,1728599666
354,mancio lima,-7.6142,-72.8958,73.47,94,75,5.75,BR,1728599667
355,tamanrasset,22.785,5.5228,78.71,24,40,3.44,DZ,1728599668
356,jamestown,42.097,-79.2353,49.64,66,0,6.91,US,1728599670
357,vorkuta,67.5,64.0,14.41,98,56,1.74,RU,1728599671
358,shizunai-furukawacho,42.3339,142.3669,53.33,65,53,2.57,JP,1728599672
359,muynoq,43.7683,59.0214,57.83,63,75,9.64,UZ,1728599673
360,sovetskaya gavan',48.9723,140.2878,51.62,69,100,11.32,RU,1728599674
361,kasane,-17.8167,25.15,66.52,28,1,4.18,BW,1728599675
362,bluefields,12.0137,-83.7635,84.27,79,40,6.91,NI,1728599545
363,mariental,-24.6333,17.9667,76.89,15,0,5.66,NA,1728599678
364,walvis bay,-22.9575,14.5053,58.15,77,0,3.44,NA,1728599568
365,eden,36.4885,-79.7667,65.66,55,0,0.0,US,1728599502
366,yreka,41.7354,-122.6345,75.38,35,0,5.75,US,1728599682
367,alexandria,31.2156,29.9553,74.37,73,0,2.24,EG,1728599098
368,choibalsan,48.0667,114.5,30.43,61,15,7.16,MN,1728599420
369,dryden,49.7833,-92.7503,64.69,59,75,8.05,CA,1728599686
370,robore,-18.3333,-59.75,82.49,78,100,0.0,BO,1728599687
371,labrador city,52.9463,-66.9114,39.18,87,100,12.66,CA,1728599688
372,villa de arista,22.65,-100.8333,74.89,24,14,15.37,MX,1728599689
373,zeya,53.75,127.2667,41.23,92,100,1.63,RU,1728599690
374,agadez,19.75,10.25,86.05,12,5,2.75,NE,1728599692
375,pudozh,61.8099,36.5345,41.76,88,100,11.72,RU,1728599693
376,ovruch,51.3246,28.8035,55.78,91,2,7.34,UA,1728599694
377,atbasar,51.8,68.3333,47.7,53,100,14.67,KZ,1728599696
378,parthenay,46.6667,-0.4167,50.95,95,17,5.12,FR,1728599698
379,masterton,-40.9597,175.6575,61.47,51,0,2.24,NZ,1728599700
380,upper sandusky,40.8273,-83.2813,63.09,53,0,6.42,US,1728599701
381,margate,51.3813,1.3862,47.7,72,22,1.99,GB,1728599671
382,chiplun,17.5333,73.5167,74.98,95,100,2.19,IN,1728599705
383,sao vicente,-23.9631,-46.3919,71.94,26,99,5.01,BR,1728599598
384,menaka,15.9182,2.4022,92.84,22,27,8.08,ML,1728599707
385,pisco,-13.7,-76.2167,68.05,73,0,18.41,PE,1728599708
386,lashkar gah,31.5938,64.3716,65.26,23,0,2.06,AF,1728599710
387,yeppoon,-23.1333,150.7333,71.38,78,86,16.62,AU,1728599713
388,sao felipe,-14.8167,-41.3833,82.17,50,99,5.5,BR,1728599714
389,tavricheskoye,54.5851,73.6395,32.49,66,100,21.72,RU,1728599715
390,el calafate,-50.3408,-72.2768,43.81,69,64,9.04,AR,1728599716
391,whakatane,-37.9585,176.9854,64.51,69,90,5.99,NZ,1728599717
392,mahdia,35.5047,11.0622,74.97,75,39,14.58,TN,1728599719
393,raja,8.4596,25.678,70.11,95,31,3.62,SS,1728599720
394,port saint john's,-31.6229,29.5448,67.55,91,75,16.33,ZA,1728599721
395,sheridan,44.8333,-106.9173,76.46,28,100,3.44,US,1728599615
396,bangassou,4.7413,22.8184,68.52,98,23,1.83,CF,1728599723
397,bocas del toro,9.3333,-82.25,75.52,91,100,10.63,PA,1728599724
398,molchanovo,57.5817,83.7692,22.96,75,44,4.16,RU,1728599726
399,prokop'yevsk,53.9059,86.719,31.35,80,100,6.67,RU,1728599727
400,qamdo,31.1667,97.2333,41.68,70,100,0.76,CN,1728599728
401,dwarka,22.2394,68.9678,78.31,68,46,9.04,IN,1728599729
402,upington,-28.4478,21.2561,73.78,18,39,3.44,ZA,1728599730
403,mountain home,43.133,-115.6912,72.01,35,75,9.22,US,1728599605
404,hasaki,35.7333,140.8333,67.78,69,100,13.06,JP,1728599733
405,thunder bay,48.4001,-89.3168,60.78,55,100,8.05,CA,1728599642
406,sur,22.5667,59.5289,82.62,56,2,5.03,OM,1728599481
407,broome,42.2506,-75.833,48.33,68,100,10.36,US,1728599736
408,santa cruz,-17.8,-63.1667,81.86,78,20,13.8,BO,1728599737
409,port pirie,-33.1833,138.0167,59.54,40,96,13.18,AU,1728599739
410,merizo village,13.2658,144.6691,84.38,86,92,6.17,GU,1728599741
411,waddan,29.1614,16.139,88.77,21,87,4.25,LY,1728599742
412,port douglas,-16.4833,145.4667,77.58,76,70,10.25,AU,1728599743
413,lerwick,60.1545,-1.1494,42.28,63,75,9.75,GB,1728599744
414,ilha de mocambique,-15.0342,40.7358,74.53,77,0,8.97,MZ,1728599745
415,mil'kovo,55.6078,37.7956,48.31,73,28,8.75,RU,1728599746
416,puerto cabezas,14.0351,-83.3888,84.16,74,40,9.22,NI,1728599748
417,pacific grove,36.6177,-121.9166,69.37,85,0,5.75,US,1728599735
418,harstad,68.799,16.5293,41.16,91,100,14.0,NO,1728599750
419,santiago de cao,-7.9589,-79.2392,64.53,82,72,12.66,PE,1728599751
420,zhumysker,49.3333,49.4,44.56,81,4,10.51,KZ,1728599752
421,lobito,-12.3481,13.5456,74.55,82,8,3.67,AO,1728599753
422,zapala,-38.8992,-70.0544,57.36,47,16,29.06,AR,1728599755
423,micheweni,-4.9667,39.8333,75.81,85,0,10.16,TZ,1728599756
424,concordia,-31.393,-58.0209,66.27,86,75,3.44,AR,1728599547
425,minas de marcona,-15.2119,-75.1103,55.26,82,32,16.84,PE,1728599758
426,toledo,39.8333,-4.0,57.56,59,41,5.32,ES,1728599747
427,the pas,53.8251,-101.2541,55.42,62,100,6.91,CA,1728599761
428,padang,-0.9492,100.3543,75.25,93,100,4.54,ID,1728599563
429,hiratacho,35.4333,132.8167,55.36,100,7,6.91,JP,1728599763
430,buka,40.8108,69.1986,67.05,36,100,3.96,UZ,1728599764
431,zhezqazghan,47.7833,67.7667,51.94,81,100,10.31,KZ,1728599765
432,warren,39.4334,-84.1666,67.53,47,0,0.0,US,1728599717
433,mishkino,55.3389,63.9175,27.19,95,100,19.3,RU,1728599768
434,campos novos,-27.4017,-51.225,58.66,99,100,7.34,BR,1728599769
435,nurota,40.5614,65.6886,66.63,44,19,15.93,UZ,1728599770
436,yabassi,4.457,9.9682,74.43,97,42,0.94,CM,1728599771
437,fuerte olimpo,-21.0415,-57.8738,83.26,63,73,3.89,PY,1728599772
438,gelemso,8.8167,40.5167,60.76,80,58,3.31,ET,1728599773
439,callao,-12.0667,-77.15,62.89,82,100,5.75,PE,1728599555
440,vila velha,-20.3297,-40.2925,71.55,98,100,4.61,BR,1728599776
441,dodge city,37.7528,-100.0171,89.24,28,0,12.66,US,1728599632
442,namtsy,62.7161,129.6658,32.38,99,100,1.59,RU,1728599778
443,las heras,-46.5419,-68.9359,50.49,37,81,17.6,AR,1728599779
444,dolinsk,47.35,142.8,50.97,67,100,10.27,RU,1728599780
445,suntar,62.1444,117.6319,28.53,98,100,2.39,RU,1728599782
446,lure,47.75,6.5,49.37,93,83,2.3,FR,1728599783
447,laminusa,5.5549,120.9136,84.31,71,34,7.0,PH,1728599784
448,bhadrakh,21.0528,86.52,76.03,87,21,5.84,IN,1728599785
449,borodulikha,50.7184,80.9295,54.77,42,6,13.22,KZ,1728599786
450,letlhakane,-21.4167,25.5833,69.42,35,1,8.52,BW,1728599787
451,alice springs,-23.7,133.8833,69.35,17,20,8.05,AU,1728599788
452,kourou,5.1552,-52.6478,79.25,82,69,5.97,GF,1728599776
453,kuqa,41.7278,82.9364,60.64,34,47,4.0,CN,1728599791
454,marmaris,36.855,28.2742,68.7,85,27,4.65,TR,1728599792
455,junin de los andes,-39.9504,-71.0694,47.86,82,18,11.65,AR,1728599793
456,rabigh,22.7986,39.0349,83.86,72,1,3.11,SA,1728599794
457,fort bragg,35.139,-79.006,66.04,44,0,9.22,US,1728599796
458,benisheikh,11.8072,12.4909,82.35,59,31,3.69,NG,1728599797
459,posadas,-27.3671,-55.8961,67.98,94,100,5.75,AR,1728599537
460,vadso,70.0744,29.7487,39.36,87,75,14.97,NO,1728599560
461,akureyri,65.6835,-18.0878,30.13,80,100,8.05,IS,1728599639
462,santa rosa del sara,-17.1092,-63.5989,90.41,37,52,9.75,BO,1728599801
463,northam,51.0333,-4.2167,48.61,70,58,6.2,GB,1728599802
464,howard springs,-12.497,131.047,82.87,84,81,3.78,AU,1728599804
465,ingeniero jacobacci,-41.3427,-69.5448,53.29,57,72,8.25,AR,1728599805
466,mugia,43.1041,-9.2179,55.9,81,73,6.44,ES,1728599806
467,whangarei,-35.7317,174.3239,59.74,58,29,6.2,NZ,1728599807
468,luanda,-8.8368,13.2343,77.0,83,40,8.05,AO,1728599653
469,altinekin,38.3078,32.8686,67.12,40,89,6.4,TR,1728599809
470,kununurra,-15.7667,128.7333,78.78,83,4,0.0,AU,1728599810
471,pacora,9.0833,-79.2833,82.2,83,40,8.05,PA,1728599812
472,heerde,52.3872,6.0402,48.11,88,96,1.99,NL,1728599813
473,amqui,48.4638,-67.4313,40.64,96,96,11.86,CA,1728599814
474,taltal,-25.4,-70.4833,61.39,79,0,7.38,CL,1728599815
475,kota kinabalu,5.9749,116.0724,78.78,89,20,5.01,MY,1728599582
476,nar'yan-mar,67.6713,53.087,27.07,68,100,15.32,RU,1728599818
477,carutapera,-1.195,-46.02,78.44,79,24,10.67,BR,1728599773
478,ambon,-3.6954,128.1814,85.23,100,96,4.59,ID,1728599820
479,konosha,60.9736,40.257,36.45,86,100,12.03,RU,1728599821
480,dapa,9.7594,126.0531,81.75,78,87,1.72,PH,1728599822
481,la ronge,55.1001,-105.2842,50.25,62,75,5.75,CA,1728599823
482,laojunmiao,39.8333,97.7333,45.81,41,89,1.77,CN,1728599824
483,hastings,50.8552,0.5729,44.78,48,49,8.5,GB,1728599826
484,tarnogskiy gorodok,60.4997,43.5761,35.71,75,100,9.73,RU,1728599827
485,antigonish,45.6169,-61.9986,48.96,83,52,7.61,CA,1728599828
486,seydi,39.4816,62.9137,65.59,50,0,6.51,TM,1728599829
487,lucea,18.451,-78.1736,84.06,76,94,7.74,JM,1728599830
488,vaxjo,56.8777,14.8091,46.45,93,75,9.22,SE,1728599831
489,bereket,39.2446,55.5154,62.76,62,43,4.32,TM,1728599833
490,mirecourt,48.3009,6.1328,49.59,92,72,12.3,FR,1728599834
491,mount gambier,-37.8333,140.7667,54.7,61,96,7.9,AU,1728599835
492,hovd,48.0056,91.6419,44.92,44,0,3.13,MN,1728599836
493,gamboula,4.1178,15.1393,67.35,98,15,1.88,CF,1728599837
494,mao,39.8885,4.2658,66.76,68,20,1.14,ES,1728599826
495,saltillo,25.4167,-101.0,75.29,40,0,17.0,MX,1728599828
496,bikenibeu village,1.3673,173.1241,84.16,79,75,11.5,KI,1728599842
497,el rosal,4.8531,-74.26,63.75,96,100,0.51,CO,1728599844
498,sao joao da barra,-21.6403,-41.0511,69.89,87,100,17.98,BR,1728599845
499,salinopolis,-0.6136,-47.3561,79.5,84,62,10.04,BR,1728599846
500,camayenne,9.535,-13.6878,77.09,88,75,6.91,GN,1728599848
501,purulha,15.2667,-90.2,65.12,97,99,2.82,GT,1728599850
502,roslavl',53.9528,32.8639,50.45,82,3,9.17,RU,1728599851
503,metkovic,43.0542,17.6483,68.47,93,61,4.09,HR,1728599852
504,al qusayr,34.5091,36.5798,68.86,76,53,5.79,SY,1728599853
505,arraial do cabo,-22.9661,-42.0278,70.23,90,100,24.96,BR,1728599855
506,bankim,6.083,11.4905,67.5,95,60,1.86,CM,1728599856
507,pangai,-19.8,-174.35,80.71,78,75,9.22,TO,1728599839
508,severobaykal'sk,55.65,109.3167,26.87,76,95,6.53,RU,1728599858
509,jinchang,38.4953,102.1739,52.88,40,89,3.29,CN,1728599859
510,barclayville,4.6797,-8.2339,75.76,90,97,5.99,LR,1728599860
511,mandalgovi,45.7625,106.2708,41.16,51,8,8.46,MN,1728599862
512,borogontsy,62.6683,131.1683,35.33,99,100,5.59,RU,1728599590
513,pangody,65.85,74.4859,26.1,86,81,13.04,RU,1728599864
514,tolanaro,-25.0319,46.9987,71.67,73,20,20.71,MG,1728599865
515,harper,4.375,-7.7169,76.42,90,87,8.46,LR,1728599866
516,banda aceh,5.5577,95.3222,79.83,78,95,11.41,ID,1728599867
517,mukalla,14.5425,49.1242,76.93,84,1,3.89,YE,1728599869
518,serenje,-13.2325,30.2352,61.29,38,22,8.23,ZM,1728599870
519,nemuro,43.3236,145.575,51.87,82,100,24.63,JP,1728599869
520,kotlas,61.2611,46.6556,32.36,60,100,9.22,RU,1728599872
521,glen innes,-29.7333,151.7333,64.56,45,19,3.11,AU,1728599873
522,gallipoli,40.4103,26.6708,68.95,81,48,5.5,TR,1728599874
523,tomarovka,50.6834,36.2331,48.96,77,93,8.79,RU,1728599877
524,san jose del guaviare,2.5729,-72.6459,75.9,94,100,0.36,CO,1728599878
525,aykhal,66.0,111.5,11.48,96,100,3.0,RU,1728599594
526,filingue,14.3521,3.3168,92.05,29,100,3.76,NE,1728599881
527,apan,19.7167,-98.4167,56.52,40,95,8.25,MX,1728599883
528,katsuura,35.1333,140.3,65.8,79,74,12.84,JP,1728599762
529,almeirim,-1.5233,-52.5817,85.75,46,73,4.52,BR,1728599885
530,dunedin,-45.8742,170.5036,54.59,49,17,4.92,NZ,1728599886
531,sechura,-5.5569,-80.8222,70.11,69,53,18.41,PE,1728599887
532,wainwright,52.839,-110.8572,55.11,29,2,8.77,CA,1728599888
533,joaquin v. gonzalez,-25.0833,-64.1833,60.93,88,98,4.12,AR,1728599627
534,heroica guaymas,27.9333,-110.9,88.97,70,20,18.41,MX,1728599891
535,koutiala,12.3917,-5.4642,79.43,76,100,6.78,ML,1728599892
536,san antonio de pale,-1.4014,5.6325,76.08,80,94,11.88,GQ,1728599893
537,monywa,22.1167,95.1333,77.49,85,13,3.96,MM,1728599894
538,fort mcmurray,56.7268,-111.381,56.79,38,100,13.8,CA,1728599895
539,serhetabat,35.2799,62.3438,69.22,23,0,6.11,TM,1728599897
540,itaituba,-4.2761,-55.9836,84.54,39,30,2.01,BR,1728599898
541,wenchang,30.904,118.4887,61.68,80,15,2.93,CN,1728599899
542,shingu,33.7333,135.9833,66.58,73,84,3.18,JP,1728599900
543,valentin gomez farias,28.2167,-106.5833,78.46,21,25,8.1,MX,1728599901
544,bac lieu,9.285,105.7244,80.4,85,100,8.84,VN,1728599902
545,solwezi,-12.1688,26.3894,60.91,32,4,5.28,ZM,1728599903
546,rock springs,41.5875,-109.2029,80.04,13,0,11.5,US,1728599870
547,ierapetra,35.01,25.7353,74.03,78,46,5.35,GR,1728599900
548,smithers,54.7804,-127.1743,48.52,61,75,2.3,CA,1728599908
549,yunyang,33.4474,112.7142,60.91,61,29,2.98,CN,1728599909
550,tingi,-11.3,35.0333,62.4,79,6,3.15,TZ,1728599910
551,santa sylvina,-27.8326,-61.1375,63.05,92,100,2.89,AR,1728599912
552,itapaci,-14.9508,-49.5494,84.43,42,100,5.19,BR,1728599913
553,suwayr,30.1171,40.3893,76.59,15,0,9.01,SA,1728599915
554,la'ie,21.6477,-157.9253,87.19,73,61,10.78,US,1728599916
555,sant'agata di militello,38.0679,14.6327,74.37,69,34,2.17,IT,1728599918
556,hami,42.8,93.45,58.51,33,0,5.21,CN,1728599919
557,kawambwa,-9.7915,29.0791,68.49,65,95,2.39,ZM,1728599920
558,opuwo,-18.0607,13.84,72.59,23,34,1.68,NA,1728599921
559,huarmey,-10.0681,-78.1522,65.82,83,37,10.76,PE,1728599922
560,paulinia,-22.7611,-47.1542,79.74,81,98,6.8,BR,1728599845
561,priozersk,61.0393,30.1291,53.01,89,97,14.0,RU,1728599925
562,chillicothe,39.3331,-82.9824,65.25,43,0,40.0,US,1728599738
563,kempsey,-31.0833,152.8333,68.95,75,10,4.0,AU,1728599646
564,nassau,40.7507,-73.5829,59.68,52,4,5.01,US,1728599928
565,magadan,59.5667,150.8,30.87,70,49,1.95,RU,1728599930
566,newman,37.3138,-121.0208,90.52,15,100,0.69,US,1728599471
567,ulsteinvik,62.3432,5.8487,42.93,91,87,1.99,NO,1728599933
568,ulladulla,-35.35,150.4667,63.9,64,67,5.77,AU,1728599934
569,chui,-33.6971,-53.4616,61.07,91,100,12.41,UY,1728599935
570,orchard homes,46.8633,-114.0484,69.6,42,0,4.61,US,1728599936
571,pesqueira,-8.3578,-36.6964,68.74,76,10,11.3,BR,1728599939
572,balkanabat,39.5108,54.3671,68.0,54,34,2.89,TM,1728599940
573,coyhaique,-45.5752,-72.0662,41.13,80,39,6.58,CL,1728599701
574,abaza,52.655,90.0928,38.35,98,99,3.49,RU,1728599942
575,sao jose de piranhas,-7.1206,-38.5019,83.82,29,61,3.06,BR,1728599943
576,isla mujeres,21.2311,-86.731,82.45,78,15,15.12,MX,1728599945
577,constantia,44.1833,28.65,61.7,64,74,4.25,RO,1728599946
578,nombre de dios,23.85,-104.2333,80.17,26,48,9.22,MX,1728599947
579,bodo,67.28,14.405,39.94,88,75,12.66,NO,1728599842
580,east london,-33.0153,27.9116,65.01,80,99,15.55,ZA,1728599949
581,borisoglebsk,51.3671,42.0849,46.92,92,61,5.66,RU,1728599950
582,dawesville,30.9224,-84.0091,77.41,36,0,9.22,US,1728599952
583,tchintabaraden,15.8969,5.7985,91.02,17,78,6.69,NE,1728599953
584,kamiiso,41.8167,140.65,53.98,82,92,3.44,JP,1728599954
585,savanna-la-mar,18.219,-78.1332,81.19,83,88,2.42,JM,1728599955
586,whistler,50.1164,-122.9695,52.92,46,56,1.77,CA,1728599956
587,kalkaman,51.9525,76.0211,46.22,49,100,16.08,KZ,1728599957
588,la tuque,47.4334,-72.7824,48.45,66,100,6.91,CA,1728599756
589,champerico,14.3,-91.9167,82.69,76,63,2.91,GT,1728599960
590,greymouth,-42.4667,171.2,53.26,67,94,1.36,NZ,1728599961
591,albunol,36.792,-3.205,66.69,64,58,6.49,ES,1728599962
